﻿Designator,Quantity,Value,Footprint,Package,MPN,DNP,Mount_Type,LCSC Part #,Formerly,Alternate,Description,original
"C101, C102, C114, C115, C116, C117, C207, C208, C210, C211",10,47u,C_0805_2012Metric,,,,smt,C16780,,,,
"C103, C105, C205",3,10u VM,C_1206_3216Metric,,,,smt,C13585,,,,
"C104, C106, C206",3,100n VM,C_1005_(0402),,,,smt,C307331,,,,
"C107, C108, C109, C118, C119, C120, C204",7,100n,C_1005_(0402),,,,smt,C1525,,,,
"C110, C111",2,22n VM,C_1005_(0402),,,,smt,C337699,,,,
"C112, C113",2,22n,C_1005_(0402),,,,smt,C337699,,,,
"C201, C202, C203",3,100u VM,CP_Elec_6.3x7.7,,,,smt,C2972719 ,,,,
C209,1,56p,C_1005_(0402),,,,smt,C107007,,,,
"D101, D102, D103, D104",4,0603_LED_Yellow,LED_0603_1608Metric,,,,smt,C72038,,,,
D105,1,0603_LED_Blue,LED_0603_1608Metric,,,,smt,C965807 ,Yellow C72038,,,
"D106, D203, D204",3,D_Schottky,D_SMA,,,,smt,C2480,,,,
D201,1,10V,D_SOD-323,,,,smt,C85383,,,,
"D202, D205",2,0603_LED_Green,LED_0603_1608Metric,,,,smt,C965804,,,,
"H101, H102, H103, H104",4,MountingHole,MountingHole_2.2mm_M2_ISO7380_Pad,,,,tht,,,,,
"J101, J103, J110",3,"MC 1,5/ 2-G-3,5","PhoenixContact_MC_1,5_2-G-3.5_1x02_P3.50mm_Horizontal_edited",,,,tht,"[J101,J103]C3581450; [J110]C880572",,C880572 (green),,
J105,1,STEMMA QT,JST_SH_SM04B-SRSS-TB_1x04-1MP_P1.00mm_Horizontal,,,,smt,C160404,,,"I2C Connector - Search ""1x4P SH 1mm"" for alternates",
J106,1,Conn_02x04,PinHeader_2x04_P2.54mm_Vertical,,,,tht,x,,,,
J107,1,Conn_01x10_f,PinSocket_1x10_P2.54mm_Vertical,,,,tht,C2935981,,C5116489,,
"J108, J113",2,Conn_01x08_f,PinSocket_1x08_P2.54mm_Vertical,,,,tht,C2935979,,C5224027,,
J111,1,Conn_01x04_f,PinSocket_1x04_P2.54mm_Vertical,,,,tht,C2935898,, C2685089,,
J112,1,Conn_01x06_f,PinSocket_1x06_P2.54mm_Vertical,,,,tht,C2935900,,C5224026,,
J114,1,USB_C_Receptacle_USB2.0,USB_C_Receptacle_GCT_USB4105-xx-A_16P_TopMnt_Horizontal,,,,smt,C2765186,,,,
J201,1,Barrel_Jack_MountingPin,BarrelJack_2.1mm,,,,tht,C381116,,,,
J204,1,Conn_01x04_f,PinSocket_1x04_P2.54mm_Vertical,,,Yes,tht, C2685089,,,,
"JP101, JP102",2,Jumper_2,SolderJumper-2_P1.3mm_Bridged,,,,tht,,,,,
L201,1,15uH,L_7.1x6.6_H3_SLO0630H,,,,smt,C883023,,,,
Q101,1,UMH3N,SOT-363_SC-70-6,,,,smt,C62892,,,,
Q201,1,AO4407C,SOIC-8_3.9x4.9mm_P1.27mm,,,,smt,C469397,,,,
"R101, R102, R106, R108",4,22k,R_1005_(0402),,,,smt,C137898,,,,
"R103, R203, R204",3,13k3,R_1005_(0402),,,,smt,C274352,,,,
"R104, R105, R107, R109, R201, R202",6,100k,R_1005_(0402),,,,smt,C60491,,,,
"R110, R111, R115",3,1k,R_1005_(0402),,,,smt,C106235,,,,
R112,1,3k3,R_1005_(0402),,,,smt,C137992,,,,C274352 13k3 for the yellow LED
"R113, R114, R118, R119, R205",5,5k1,R_1005_(0402),,,,smt,C105872,,,,
R116,1,22k,R_1005_(0402),,,Yes,smt,C137898,,,,
R117,1,22k,R_1005_(0402),,,Yes,smt,C137898,,,,
"R120, R121",2,470R,R_1005_(0402),,,,smt,C114877,,,,
SW101,1,Switch,SW_SPST_TS-1088-AR02016,,,,smt,C720477,,,,
"U101, U102",2,DRV8874PWPR,HTSSOP-16-1EP_4.4x5mm_P0.65mm_EP3.4x5mm_Mask2.46_HiAmp,,,,smt,C1855818,,,,
U103,1,ESP32-WROOM-32E,ESP32-WROOM-32E,,,,smt,C701341,,,,
U104,1,TLP2361,SO-5_4.4x3.6mm_P1.27mm,,,,smt,C107626,,,,
U105,1,USBLC6-2SC6,SOT-23-6,,,,smt,C2687116,,,,
U106,1,CH340C,SOIC-16_3.9x9.9mm_P1.27mm,,,,smt,C7464026,,,,
U201,1,TPS54302,SOT-23-6,,,,smt,C311983,,C191884 2A version,,
U202,1,AMS1117-3.3,SOT-223-3_TabPin2,,,,smt,C6186,,,,
