﻿pos_x,pos_y,rotation,side,designator,mpn,pack,footprint,value,mount_type,place
63.5,25.999997,0.0,top,C101,,,C_0805_2012Metric,47u,smt,True
63.5,27.999997,0.0,top,C102,,,C_0805_2012Metric,47u,smt,True
17.4,16.7,-90.0,top,C103,,,C_1206_3216Metric,10u VM,smt,True
16.54,20.1,180.0,top,C104,,,C_1005_(0402),100n VM,smt,True
21.9,33.0,0.0,top,C105,,,C_1206_3216Metric,10u VM,smt,True
16.54,34.4,180.0,top,C106,,,C_1005_(0402),100n VM,smt,True
18.5,19.9,180.0,top,C107,,,C_1005_(0402),100n,smt,True
18.5,34.2,180.0,top,C108,,,C_1005_(0402),100n,smt,True
60.5,28.999997,0.0,top,C109,,,C_1005_(0402),100n,smt,True
18.9,21.0,180.0,top,C110,,,C_1005_(0402),22n VM,smt,True
18.9,35.3,180.0,top,C111,,,C_1005_(0402),22n VM,smt,True
29.2,30.200002,0.0,top,C112,,,C_1005_(0402),22n,smt,True
29.1,39.5,-90.0,top,C113,,,C_1005_(0402),22n,smt,True
47.6,47.5,0.0,top,C114,,,C_0805_2012Metric,47u,smt,True
7.799999,39.0,90.0,top,C115,,,C_0805_2012Metric,47u,smt,True
39.3,5.3,0.0,top,C116,,,C_0805_2012Metric,47u,smt,True
34.5,5.4,180.0,top,C117,,,C_0805_2012Metric,47u,smt,True
43.3,25.5,0.0,top,C118,,,C_1005_(0402),100n,smt,True
54.4,40.1,0.0,top,C119,,,C_1005_(0402),100n,smt,True
47.4,35.1,0.0,top,C120,,,C_1005_(0402),100n,smt,True
24.0,17.5,0.0,top,C201,,,CP_Elec_6.3x7.7,100u VM,smt,True
32.5,18.5,90.0,top,C202,,,CP_Elec_6.3x7.7,100u VM,smt,True
30.0,10.0,-90.0,top,C203,,,CP_Elec_6.3x7.7,100u VM,smt,True
36.015,14.125,90.0,top,C204,,,C_1005_(0402),100n,smt,True
34.800001,10.5,-90.0,top,C205,,,C_1206_3216Metric,10u VM,smt,True
36.4,11.1,-90.0,top,C206,,,C_1005_(0402),100n VM,smt,True
42.100001,11.6,180.0,top,C207,,,C_0805_2012Metric,47u,smt,True
42.100001,9.600001,180.0,top,C208,,,C_0805_2012Metric,47u,smt,True
38.2,6.9,0.0,top,C209,,,C_1005_(0402),56p,smt,True
34.1,28.1,180.0,top,C210,,,C_0805_2012Metric,47u,smt,True
29.5,33.7,-90.0,top,C211,,,C_0805_2012Metric,47u,smt,True
11.6,28.200001,0.0,top,D101,,,LED_0603_1608Metric,0603_LED_Yellow,smt,True
11.6,29.799999,180.0,top,D102,,,LED_0603_1608Metric,0603_LED_Yellow,smt,True
11.5875,19.799999,180.0,top,D103,,,LED_0603_1608Metric,0603_LED_Yellow,smt,True
11.5875,18.200001,0.0,top,D104,,,LED_0603_1608Metric,0603_LED_Yellow,smt,True
47.3,29.9,0.0,top,D105,,,LED_0603_1608Metric,0603_LED_Blue,smt,True
32.0,25.1,180.0,top,D106,,,D_SMA,D_Schottky,smt,True
19.600001,12.100001,-90.0,top,D201,,,D_SOD-323,10V,smt,True
37.9,26.5,-90.0,top,D202,,,LED_0603_1608Metric,0603_LED_Green,smt,True
41.6,31.9,0.0,top,D203,,,D_SMA,D_Schottky,smt,True
41.6,35.4,0.0,top,D204,,,D_SMA,D_Schottky,smt,True
39.5,26.5,-90.0,top,D205,,,LED_0603_1608Metric,0603_LED_Green,smt,True
3.0,50.0,0.0,top,H101,,,MountingHole_2.2mm_M2_ISO7380_Pad,MountingHole,tht,False
17.0,7.0,0.0,top,H102,,,MountingHole_2.2mm_M2_ISO7380_Pad,MountingHole,tht,False
56.0,46.5,0.0,top,H103,,,MountingHole_2.2mm_M2_ISO7380_Pad,MountingHole,tht,False
56.0,28.0,0.0,top,H104,,,MountingHole_2.2mm_M2_ISO7380_Pad,MountingHole,tht,False
7.5,29.0,-90.0,top,J101,,,"PhoenixContact_MC_1,5_2-G-3.5_1x02_P3.50mm_Horizontal_edited","MC 1,5/ 2-G-3,5",tht,True
7.5,19.0,-90.0,top,J103,,,"PhoenixContact_MC_1,5_2-G-3.5_1x02_P3.50mm_Horizontal_edited","MC 1,5/ 2-G-3,5",tht,True
3.4,38.0,-90.0,top,J105,,,JST_SH_SM04B-SRSS-TB_1x04-1MP_P1.00mm_Horizontal,STEMMA QT,smt,True
43.7,47.0,-90.0,top,J106,,,PinHeader_2x04_P2.54mm_Vertical,Conn_02x04,tht,True
18.685,50.63,90.0,top,J107,,,PinSocket_1x10_P2.54mm_Vertical,Conn_01x10_f,tht,True
27.825,2.37,90.0,top,J108,,,PinSocket_1x08_P2.54mm_Vertical,Conn_01x08_f,tht,True
10.2,45.4,180.0,top,J110,,,"PhoenixContact_MC_1,5_2-G-3.5_1x02_P3.50mm_Horizontal_edited","MC 1,5/ 2-G-3,5",tht,True
16.7,47.025,90.0,top,J111,,,PinSocket_1x04_P2.54mm_Vertical,Conn_01x04_f,tht,True
50.685,2.37,90.0,top,J112,,,PinSocket_1x06_P2.54mm_Vertical,Conn_01x06_f,tht,True
45.605,50.63,90.0,top,J113,,,PinSocket_1x08_P2.54mm_Vertical,Conn_01x08_f,tht,True
62.79,41.5,90.0,top,J114,,,USB_C_Receptacle_GCT_USB4105-xx-A_16P_TopMnt_Horizontal,USB_C_Receptacle_USB2.0,smt,True
12.3,7.3,0.0,top,J201,,,BarrelJack_2.1mm,Barrel_Jack_MountingPin,tht,True
22.765,2.5,-90.0,top,J204,,,PinSocket_1x04_P2.54mm_Vertical,Conn_01x04_f,tht,False
28.1,44.0,90.0,top,JP101,,,SolderJumper-2_P1.3mm_Bridged,Jumper_2,tht,False
30.6,44.0,90.0,top,JP102,,,SolderJumper-2_P1.3mm_Bridged,Jumper_2,tht,False
40.7,16.1,0.0,top,L201,,,L_7.1x6.6_H3_SLO0630H,15uH,smt,True
50.8,33.2,180.0,top,Q101,,,SOT-363_SC-70-6,UMH3N,smt,True
23.5,8.5,-90.0,top,Q201,,,SOIC-8_3.9x4.9mm_P1.27mm,AO4407C,smt,True
11.3,31.1,0.0,top,R101,,,R_1005_(0402),22k,smt,True
12.9,21.2,0.0,top,R102,,,R_1005_(0402),22k,smt,True
60.5,28.0,180.0,top,R103,,,R_1005_(0402),13k3,smt,True
27.6,39.0,0.0,top,R104,,,R_1005_(0402),100k,smt,True
18.0,30.1,0.0,top,R105,,,R_1005_(0402),100k,smt,True
17.0,31.1,180.0,top,R106,,,R_1005_(0402),22k,smt,True
18.0,44.3,0.0,top,R107,,,R_1005_(0402),100k,smt,True
31.4,39.5,90.0,top,R108,,,R_1005_(0402),22k,smt,True
30.9,28.1,0.0,top,R109,,,R_1005_(0402),100k,smt,True
29.2,31.2,0.0,top,R110,,,R_1005_(0402),1k,smt,True
30.1,39.5,-90.0,top,R111,,,R_1005_(0402),1k,smt,True
49.9,29.9,180.0,top,R112,,,R_1005_(0402),3k3,smt,True
29.5,46.7,90.0,top,R113,,,R_1005_(0402),5k1,smt,True
30.5,46.7,90.0,top,R114,,,R_1005_(0402),5k1,smt,True
4.8,43.7,-90.0,top,R115,,,R_1005_(0402),1k,smt,True
60.5,25.700003,180.0,top,R116,,,R_1005_(0402),22k,smt,False
60.5,26.7,180.0,top,R117,,,R_1005_(0402),22k,smt,False
60.9,47.9,0.0,top,R118,,,R_1005_(0402),5k1,smt,True
60.9,35.1,180.0,top,R119,,,R_1005_(0402),5k1,smt,True
54.4,37.7,0.0,top,R120,,,R_1005_(0402),470R,smt,True
54.4,39.0,0.0,top,R121,,,R_1005_(0402),470R,smt,True
18.0,12.7,90.0,top,R201,,,R_1005_(0402),100k,smt,True
38.2,7.8,180.0,top,R202,,,R_1005_(0402),100k,smt,True
36.7,7.4,90.0,top,R203,,,R_1005_(0402),13k3,smt,True
36.565001,26.195,-90.0,top,R204,,,R_1005_(0402),13k3,smt,True
40.8,26.2,-90.0,top,R205,,,R_1005_(0402),5k1,smt,True
62.5,31.5,0.0,top,SW101,,,SW_SPST_TS-1088-AR02016,Switch,smt,True
18.0,25.5,-90.0,top,U101,,,HTSSOP-16-1EP_4.4x5mm_P0.65mm_EP3.4x5mm_Mask2.46_HiAmp,DRV8874PWPR,smt,True
18.0,39.8,-90.0,top,U102,,,HTSSOP-16-1EP_4.4x5mm_P0.65mm_EP3.4x5mm_Mask2.46_HiAmp,DRV8874PWPR,smt,True
59.5,15.0,-90.0,top,U103,,,ESP32-WROOM-32E,ESP32-WROOM-32E,smt,True
41.1,22.7,0.0,top,U104,,,SO-5_4.4x3.6mm_P1.27mm,TLP2361,smt,True
55.6,42.3,180.0,top,U105,,,SOT-23-6,USBLC6-2SC6,smt,True
49.4,40.9,180.0,top,U106,,,SOIC-16_3.9x9.9mm_P1.27mm,CH340C,smt,True
38.6,10.5,-90.0,top,U201,,,SOT-23-6,TPS54302,smt,True
34.2,33.6,90.0,top,U202,,,SOT-223-3_TabPin2,AMS1117-3.3,smt,True
